prefix,dost_id_number,first_name,middle_name,last_name,suffix,email,position,length_of_service
Ms.,DOST-2026-EMP-001,Maria,Cruz,Santos,,maria.santos@dost.gov.ph,Science Research Analyst,3
Mr.,DOST-2026-EMP-002,Jose,Reyes,Dela Cruz,,jose.delacruz@dost.gov.ph,Administrative Officer,5
Ms.,DOST-2026-EMP-003,Ana,Lopez,Villanueva,,ana.villanueva@dost.gov.ph,Project Development Officer,2
Mr.,DOST-2026-EMP-004,Roberto,Garcia,Mendoza,,roberto.mendoza@dost.gov.ph,Science Research Specialist,7
Ms.,DOST-2026-EMP-005,Carla,Martinez,Bautista,,carla.bautista@dost.gov.ph,Accountant III,4
Mr.,DOST-2026-EMP-006,Eduardo,Flores,Garcia,,eduardo.garcia@dost.gov.ph,Engineer II,6
Ms.,DOST-2026-EMP-007,Luz,Rivera,Fernandez,,luz.fernandez@dost.gov.ph,Information Technology Officer I,1
Mr.,DOST-2026-EMP-008,Ramon,Torres,Aquino,,ramon.aquino@dost.gov.ph,Administrative Aide VI,8
Ms.,DOST-2026-EMP-009,Gloria,Ramos,Pascual,,gloria.pascual@dost.gov.ph,Science Research Analyst,3
Mr.,DOST-2026-EMP-010,Dennis,Morales,Castillo,,dennis.castillo@dost.gov.ph,Project Development Officer,2
Ms.,DOST-2026-EMP-011,Rowena,Navarro,Diaz,,rowena.diaz@dost.gov.ph,Administrative Officer,5
Mr.,DOST-2026-EMP-012,Antonio,Reyes,Peralta,,antonio.peralta@dost.gov.ph,Engineer II,4
Ms.,DOST-2026-EMP-013,Teresita,Ocampo,Romualdo,,teresita.romualdo@dost.gov.ph,Science Research Specialist,9
Mr.,DOST-2026-EMP-014,Ernesto,Santiago,Villanueva,,ernesto.villanueva@dost.gov.ph,Accountant III,6
Ms.,DOST-2026-EMP-015,Maricel,Gutierrez,Soriano,,maricel.soriano@dost.gov.ph,Information Technology Officer I,2
Ms.,DOST-2026-EMP-016,Florencia,Dela Rosa,Yap,,florencia.yap@dost.gov.ph,Administrative Aide VI,1
Mr.,DOST-2026-EMP-017,Benjamin,Padilla,Ong,,benjamin.ong@dost.gov.ph,Science Research Analyst,3
Ms.,DOST-2026-EMP-018,Cynthia,Villanueva,Marquez,,cynthia.marquez@dost.gov.ph,Project Development Officer,7
Mr.,DOST-2026-EMP-019,Ferdinand,Lorenzo,Salazar,,ferdinand.salazar@dost.gov.ph,Engineer II,4
Ms.,DOST-2026-EMP-020,Josephine,Cruz,Bonifacio,,josephine.bonifacio@dost.gov.ph,Administrative Officer,5
Ms.,DOST-2026-EMP-021,Rosa,Aguilar,Lim,,rosa.lim@dost.gov.ph,Science Research Specialist,2
Mr.,DOST-2026-EMP-022,Dante,Borja,Mercado,,dante.mercado@dost.gov.ph,Accountant III,3
Ms.,DOST-2026-EMP-023,Claire,Camposano,Batac,,claire.batac@dost.gov.ph,Information Technology Officer I,1
Mr.,DOST-2026-EMP-024,Felix,Dalisay,Ramos,,felix.ramos@dost.gov.ph,Science Research Analyst,6
Ms.,DOST-2026-EMP-025,Marites,Estrada,Chua,,marites.chua@dost.gov.ph,Administrative Aide VI,4
Mr.,DOST-2026-EMP-026,Arnold,Fuentes,Tan,,arnold.tan@dost.gov.ph,Engineer II,8
Ms.,DOST-2026-EMP-027,Jenny,Gomez,Sy,,jenny.sy@dost.gov.ph,Project Development Officer,2
Mr.,DOST-2026-EMP-028,Rodel,Hidalgo,Go,,rodel.go@dost.gov.ph,Administrative Officer,5
Ms.,DOST-2026-EMP-029,Melissa,Ibarra,Que,,melissa.que@dost.gov.ph,Science Research Analyst,3
Mr.,DOST-2026-EMP-030,Patrick,Javier,Co,,patrick.co@dost.gov.ph,Science Research Specialist,7
Ms.,DOST-2026-EMP-031,Sheila,Kho,Dy,,sheila.dy@dost.gov.ph,Accountant III,1
Mr.,DOST-2026-EMP-032,Alvin,Lacson,Yu,,alvin.yu@dost.gov.ph,Engineer II,4
Ms.,DOST-2026-EMP-033,Bernadette,Maceda,Lao,,bernadette.lao@dost.gov.ph,Information Technology Officer I,2
Mr.,DOST-2026-EMP-034,Christian,Nacpil,Tiu,,christian.tiu@dost.gov.ph,Administrative Aide VI,6
Ms.,DOST-2026-EMP-035,Donna,Oreta,Ang,,donna.ang@dost.gov.ph,Project Development Officer,3
Mr.,DOST-2026-EMP-036,Edwin,Padua,See,,edwin.see@dost.gov.ph,Science Research Analyst,5
Ms.,DOST-2026-EMP-037,Felisa,Quirino,Dee,,felisa.dee@dost.gov.ph,Administrative Officer,8
Mr.,DOST-2026-EMP-038,Gilbert,Redoble,Cua,,gilbert.cua@dost.gov.ph,Science Research Specialist,2
Ms.,DOST-2026-EMP-039,Helen,Sison,Kua,,helen.kua@dost.gov.ph,Engineer II,4
Mr.,DOST-2026-EMP-040,Ivan,Tolentino,Lim,,ivan.lim@dost.gov.ph,Accountant III,1
Ms.,DOST-2026-EMP-041,Jasmine,Umali,Chan,,jasmine.chan@dost.gov.ph,Information Technology Officer I,3
Mr.,DOST-2026-EMP-042,Kenneth,Valdez,Uy,,kenneth.uy@dost.gov.ph,Science Research Analyst,6
Ms.,DOST-2026-EMP-043,Lorena,Wenceslao,Gaw,,lorena.gaw@dost.gov.ph,Administrative Aide VI,2
Mr.,DOST-2026-EMP-044,Manuel,Xavier,Gow,,manuel.gow@dost.gov.ph,Project Development Officer,5
Ms.,DOST-2026-EMP-045,Nora,Ylagan,Haw,,nora.haw@dost.gov.ph,Administrative Officer,7
Mr.,DOST-2026-EMP-046,Oscar,Zamora,Jaw,,oscar.jaw@dost.gov.ph,Science Research Specialist,3
Ms.,DOST-2026-EMP-047,Patricia,Abaya,Law,,patricia.law@dost.gov.ph,Engineer II,4
Mr.,DOST-2026-EMP-048,Quirino,Bagay,Maw,,quirino.maw@dost.gov.ph,Accountant III,1
Ms.,DOST-2026-EMP-049,Rosario,Cadag,Naw,,rosario.naw@dost.gov.ph,Information Technology Officer I,2
Mr.,DOST-2026-EMP-050,Samuel,Dagdag,Paw,,samuel.paw@dost.gov.ph,Science Research Analyst,6
Ms.,DOST-2026-EMP-051,Theresa,Ebora,Qua,,theresa.qua@dost.gov.ph,Administrative Aide VI,3
Mr.,DOST-2026-EMP-052,Ulysses,Fabros,Rua,,ulysses.rua@dost.gov.ph,Project Development Officer,5
Ms.,DOST-2026-EMP-053,Veronica,Gabion,Sua,,veronica.sua@dost.gov.ph,Administrative Officer,8
Mr.,DOST-2026-EMP-054,Walter,Habana,Tua,,walter.tua@dost.gov.ph,Science Research Specialist,2
Ms.,DOST-2026-EMP-055,Ximena,Ibanes,Vua,,ximena.vua@dost.gov.ph,Engineer II,4
Ms.,DOST-2026-EMP-056,Yolanda,Jabines,Wua,,yolanda.wua@dost.gov.ph,Accountant III,1
Mr.,DOST-2026-EMP-057,Zaldy,Kabatulan,Xua,,zaldy.xua@dost.gov.ph,Information Technology Officer I,3
Ms.,DOST-2026-EMP-058,Amelia,Labao,Yua,,amelia.yua@dost.gov.ph,Science Research Analyst,7
Mr.,DOST-2026-EMP-059,Bonifacio,Mabasa,Zua,,bonifacio.zua@dost.gov.ph,Project Development Officer,2
Ms.,DOST-2026-EMP-060,Concepcion,Nabua,Aba,,concepcion.aba@dost.gov.ph,Administrative Officer,5
Mr.,DOST-2026-EMP-061,Dionisio,Obando,Bba,,dionisio.bba@dost.gov.ph,Science Research Specialist,4
Ms.,DOST-2026-EMP-062,Esperanza,Pableo,Cba,,esperanza.cba@dost.gov.ph,Engineer II,6
Mr.,DOST-2026-EMP-063,Fortunato,Quema,Dba,,fortunato.dba@dost.gov.ph,Administrative Aide VI,1
Ms.,DOST-2026-EMP-064,Generosa,Rabago,Eba,,generosa.eba@dost.gov.ph,Accountant III,3
Mr.,DOST-2026-EMP-065,Herminio,Sabado,Fba,,herminio.fba@dost.gov.ph,Information Technology Officer I,2
Ms.,DOST-2026-EMP-066,Isidra,Tabayoyong,Gba,,isidra.gba@dost.gov.ph,Science Research Analyst,8
Mr.,DOST-2026-EMP-067,Jacinto,Ubaldo,Hba,,jacinto.hba@dost.gov.ph,Project Development Officer,4
Ms.,DOST-2026-EMP-068,Katrina,Vidal,Iba,,katrina.iba@dost.gov.ph,Administrative Officer,5
Mr.,DOST-2026-EMP-069,Leonardo,Wagan,Jba,,leonardo.jba@dost.gov.ph,Science Research Specialist,3
Ms.,DOST-2026-EMP-070,Magdalena,Yabut,Kba,,magdalena.kba@dost.gov.ph,Engineer II,7
